菜,菜 味道 口味 东西 菜色 菜肴 口感 食物 粤菜 饭菜
婚礼,婚礼
婚宴,婚宴 喜酒 酒席 喜宴 宴席 酒宴 喜筵
嗲,嗲
音响效果,音响效果 音箱 音响 音乐
门面,门面 派头 店面 店堂 厅堂 门厅
人气,人气 牌子 大气 档次
格局,格局 布局 结构 角落
灯光,光线 顶灯 灯光 效果 灯光 视觉 水晶灯 吊灯
服务员,服务员 服务生 领班 前台 中央
客人,散客 客人
设施,桌子 位子 椅子 座位 餐桌 台子 圆桌 蜡烛 过道 镜子 椅 窗户 长廊 洞 地面 台阶 主席台 扶梯 冰箱 台面 桌面 转盘 屏风 设施 设备 硬件 软件 空调 声音 话筒 音箱
环境,环境
地段,地段
关系,朋友 同事 同学 亲戚 姐姐 哥哥 好友 妹妹 姐妹 女儿 儿子 表姐 表妹 弟弟 兄弟 姐 表哥 表弟 小伙伴 妹
老字号,老字号
厅,厅 宴会厅 大厅
价格,价格 价钱 价位 菜价 费用 服务费
场地,场地 舞台 空间 屏幕 会场 屏 投影仪
仪式,仪式
草坪,草坪
礼堂,礼堂
花园,花园
教堂,教堂
量,量 分量 份量
态度,态度
海鲜,海鲜 龙虾 澳洲龙虾 蟹 大闸蟹 帝王蟹 鱼翅 鲍鱼 扇贝 海参 鲥鱼 螃蟹 蟹肉 石斑鱼 鲈鱼 北极贝 老虎斑 明虾
冷菜,冷菜 冷盘 凉菜
酒水,酒水
特色,特色 创意 情调
视线,视线 柱子 立柱
婚庆,司仪 化妆师 摄影师 摄像师 花艺师 助理 顾问 四大金刚
新人,新娘 新郎
婚纱,婚纱 礼服
伴郎伴娘,伴娘 伴郎
交通,交通 地铁 地铁站 地理位置 位置
食物,肉 锅 草 鸡肉 酱油 壳 芥末 鲜味 椒盐 盐 面粉 娃娃 骨头 面条 土 炒面 味精 泡饭 鱼片 蛇 滋味 腥味 刀 猪肉 筋 极品 稀饭 蛋炒饭 汤汁 甜味 八宝饭 基 燕窝 腥气 生鱼片 肥肉 例 营养 农家 调料 大王 喜气 大鱼 清蒸鱼 唐宫 屋 渣 土豆泥 淀粉 酸辣汤 质感 香香 舌头 大肉 耳朵 瑞士 植物 普 荷叶 鸡蛋 辣味 体 怪味 咸肉 浆糊 米饭 奶酪 咸菜 臭豆腐 泡菜 黑椒 龙头 蒜泥 柴 麻油 龙井 锅贴 珠 酒味 鱼汤 掌中 宝 满嫩 薯条 肉松 肥瘦 团子 鲜肉 砂锅 膜 捞饭 万年青 包子 大头 糍 柠檬 馋嘴 人 间 耳 松仁 草鸡 菇类 蒸饺 个子 黑椒牛 菊花 比例 鱼刺 液 芋艿 饺子 卤味 烤麸 枣 泥 香水 贝壳 豆腐干 清汤 火焰 金枪鱼 碳 馅儿 带鱼 波士顿 胡椒粉 沙律 海螺 香蕉 清水 白灵菇 汤包 牛筋 猪蹄 豌豆 腊 牛柳粒 罐头 鲍汁鹅 绿叶 咖 花雕 汤团 花生酱 西芹百合 水分 豆瓣 银鱼 香菜 肺 雪花 寿司 香气 贵妃 草菇 梅子 蛙 咸蹄 丝瓜 猕猴桃 珍宝 果冻 冰糖 海蟹 鼻 辣子 瘦肉 苏北 韭菜 皮子 桂圆 尿 酸味 肉片 鱼鳞 琵琶 腰 凤梨 芋头 浆 五花肉 枸杞 腊味 姜葱 衬衫 鱼虾 香干 绿豆 乌骨鸡 腊肉 白米 冬 笋 麻酱 白木耳 蛋卷 芙 鲨鱼 油麦 比目鱼 枣 猪排 山芋 咸鱼 刀豆 姜葱炒 苋 老鼠 白水 芹 锅巴 唇 老母 膳 外层 鲍汁扣 蜂蜜 冷热 苦味 龟 格里拉 流沙 小圆子 东星 粽子 小牛 豆芽 油条 律 深海 鸭掌 广式 通心粉 虎 白灼芥 啤 什锦 马蹄 齿 小蝶 钩 荷 凯 芒 乾坤 薄饼 碱 石榴 西湖 樱桃 猪皮 棉花 京都 肉丸 腐乳 坚果 笋干 海藻 河鳗 肉排 对虾 板栗 香肠 汤虾球 表皮 橄榄 椰子 清远 蛏 人参 大肠 空心菜 芯 黄豆 小麻球 脆骨 有芝士 芸豆 芥菜 雪梅 稻 香料 狗头 燕 香米 杏仁露 肘子 韭黄 布朗 梨 金瓜丝 油膏 三明治 金桔 粽 米粉 灵芝 洲 素鸡 奶糕 淆 笋尖 帝皇 毒 鲍汁白 清酒 鸡毛 窝窝头 钵 果酱 黑洋酥 果仁 葱花 古法蒸 三宝 白玉 汤味道 濑 山楂 肉末 子鱼 坛子 榨菜 白灼基 苗 话梅 深井 海蛰 千岛湖 肉汤 冬菇 粟米 焦糖 软骨头 柠 鱼子 菌类 羊角 老豆腐 浓香 慕丝 梅娘 海味 肘 白灼草 红薯 麻婆 梅菜扣 龙骨 杨梅 填鸭 乌鸡 熏肉 面包片 鱼真 鸭肫 鱼 汤 鸡 红烧肉 牛 色拉 鸡汤 蔬菜 熏鱼 猪 翅 奶油 甲鱼 烤鸭 南瓜 面包 鳕鱼 年糕 排骨 海蜇 布丁 黄瓜 鸭子 羊肉 栗子 肚 菠萝 芒果 黄鱼 芦笋 春卷 香菇 玉米 蜗牛 腿 口水 青菜 白斩鸡 土豆 海蜇头 花生 蚝 西米露 舌 桂花 清炒虾仁 茄子 笋 冰激凌 粥 牛蛙 泥 核桃 时令 血 沙拉 卤水 洋葱 目 冰淇淋 鱿鱼 狮子头 铁板 鳗鱼 带 子 松鼠 鸽子 鲜奶 辣酱 丁 烧鹅 松子 小青龙 金针 干贝 鳝 蟹黄 胶 番茄 翡翠 大虾 扬州 山药 鲍汁 梅 藕 桂鱼 状 豆豉 爪 牛柳 茸 金牌 瓜 笋壳 汤圆 馄饨 墨鱼 豆苗 荠菜 甘露 杏仁 鸳鸯 西兰花 蛋黄 凤爪 火腿 多宝鱼 茶树 木耳 面筋 西芹 烧肉 蛰 肋 菠菜 肥牛 杨枝 桃酥 馒头 胡萝卜 肠 蘑菇 司 颈 意大利 珍珠 辣椒 丸 丸子 麻 肉皮 草莓 腰果 鱼肚 鱼唇 酸菜 蛏子 包裹 海蜇皮 百灵 兰花 黑木耳 苹果 金钱 糖 水 元宝 芹菜 外皮 火锅 高汤 赤豆 肉丝 瓜子 蹄筋 孜 冬瓜 乌参 烧卖 生菜 岛 浓汤 鲑鱼 鳜鱼 青豆 大蒜 皮蛋 虾子 苔 蚌 小炒 莴笋 油饼 蚝油 盐水 蛋白 鲜果 干菜 慕斯 凤 毛豆 梭子蟹 籽 白菜 鳗 鲫鱼 雀巢 香草 鲍参翅 鸿运 泰国 青椒 蛤蜊 鸡翅 小黄鱼 大黄鱼 葡萄 鲜汤 胆 白果 肋骨 马兰 炉 大明 凤尾 金汤 油鸡 西兰 花菇 牛油 樟 四季豆 子鸡 炭 蚕豆 母鸡 猪肚 三角 鹌鹑 西杏炸 海带 竹笋 虫草 烧鸡 玉带 黑 椒汁 糜 陈皮 牛肉 牛排 鹅 乳猪 黑椒牛仔
家人,老公 妈妈 老婆 父母 爸爸 家人 双方 家里人 男朋友 婆婆 姐夫 女朋友 男友 公公
甜品点心,点心 蛋糕 甜品 咖啡 巧克力 茶点 饼干 糕点 牛奶 西点 主食 月饼 鸡尾酒 果盘 酸奶 糖果 柚子 红茶 零食 曲奇
饮料,饮料 雪 啤酒 橙汁 茶水 可乐 果汁 黄酒 白酒 雪碧 饮品
建筑风格,建筑风格 别墅 洋房 城堡 房子 欧洲 宫廷 古典 庄园
气场,气场 排场 场面 场子
气氛,气氛 氛围
水果,水果 水果拼盘 西瓜 哈密瓜 火龙果
鲜花,鲜花
餐具,餐具 盘子 杯子 毛巾 大盘 酒杯 碟子 纸巾 餐盘 餐巾纸
烟火,烟火 烟花 焰火
游轮,游轮 船 游艇 甲板 游船 顶楼 小船
窗户,玻璃 窗 落地窗 玻璃窗